,text_char_count,text_word_count,hashtag_char_count,hashtag_word_count
min,7.0,1.0,1.0,1.0
mean,183.17613859222067,24.885510513882277,14.536122663456961,1.4919802267752937
median,154.0,21.0,12.0,1.0
max,2437.0,61.0,184.0,17.0
